id,title,author,genre,ISBN
1,Pre-emptive stable architecture,China,Horror,172489053-0
2,Secured background matrices,Philippines,Drama,799755390-8
3,Balanced human-resource success,Russia,Crime|Thriller,864436839-7
4,Versatile executive middleware,China,Drama|Romance|War,284648338-8
5,Multi-tiered next generation complexity,Brazil,Drama,256702064-0
6,Robust zero administration capability,Estonia,Horror,149054817-3
7,Ergonomic web-enabled hub,Philippines,Action|Adventure|Romance|War,206324934-2
8,Distributed homogeneous function,Vietnam,Horror,736311728-4
9,Fundamental tertiary portal,China,Comedy|Documentary,028676658-2
10,Horizontal secondary orchestration,Indonesia,Documentary,315066765-8
11,Progressive homogeneous collaboration,France,Drama|Romance,885873158-1
12,Right-sized object-oriented hub,Netherlands,Horror,374906776-7
13,Intuitive asymmetric approach,Costa Rica,Adventure|Drama|Fantasy|Romance,968156633-5
14,Seamless regional hardware,Russia,Comedy|Drama|Romance|War,352160025-4
15,Digitized responsive capacity,Russia,Drama,603877678-8
16,Reverse-engineered 6th generation matrix,Serbia,Action|Adventure|Comedy,321073751-7
17,Down-sized demand-driven productivity,Russia,Action|Comedy,547894247-2
18,Team-oriented systematic process improvement,Poland,Crime|Documentary,855171397-3
19,User-centric methodical knowledge base,Japan,Drama|Thriller,873119154-1
20,Centralized stable budgetary management,Russia,Horror,126364072-9
21,Ameliorated human-resource orchestration,China,Crime|Drama|Fantasy|Thriller,329975677-X
22,Innovative tangible functionalities,France,Action|Animation|Children|Comedy|Fantasy,377656372-9
23,Profit-focused 4th generation local area network,China,Comedy|Crime,469978721-5
24,Advanced tangible access,Philippines,Drama,821671773-3
25,Balanced intangible ability,Nigeria,Drama,941244589-X
26,Managed local projection,United States,Crime|Drama|Western,224186788-8
27,Devolved responsive superstructure,Myanmar,Documentary,137047890-9
28,Stand-alone national alliance,Sweden,Drama,816496252-X
29,Optimized asynchronous algorithm,Ukraine,Comedy|Romance,082352347-0
30,Business-focused optimizing Graphic Interface,Thailand,Adventure|Drama|War,452879999-5
31,Centralized uniform local area network,Mali,Drama,766137001-8
32,Customizable clear-thinking paradigm,Afghanistan,Adventure|Animation|Children|Comedy,592358837-4
33,Mandatory encompassing frame,United States,Drama,256361546-1
34,Multi-layered zero tolerance middleware,China,Drama|Mystery|Romance|Thriller,318149078-4
35,Automated 6th generation analyzer,China,Documentary,852069698-8
36,Automated 5th generation Graphical User Interface,Dominican Republic,Action|Horror|Sci-Fi|Thriller,055563666-6
37,Universal background standardization,China,Drama,479572431-8
38,Right-sized multimedia monitoring,Portugal,Documentary,294920668-9
39,Sharable empowering definition,Togo,Animation|Romance,920546191-1
40,Assimilated actuating standardization,Philippines,Adventure|Animation|Drama,379917238-6
41,Devolved interactive matrix,Poland,Horror,500037218-2
42,Mandatory motivating conglomeration,Czech Republic,Children|Drama,668055996-0
43,Seamless radical knowledge user,Mongolia,Drama,069078384-1
44,Total hybrid complexity,China,Comedy,639903411-6
45,Organic even-keeled approach,Portugal,Drama|Thriller,889150760-1
46,De-engineered actuating leverage,Spain,Comedy,020266981-5
47,Cross-group regional Graphic Interface,Indonesia,Comedy,705041096-9
48,Fundamental bifurcated implementation,Indonesia,Drama|Horror|Mystery|Thriller,616136235-X
49,Business-focused multi-state info-mediaries,Indonesia,Drama|Romance,524801641-X
50,Future-proofed tertiary intranet,Ukraine,Comedy|Romance,357184329-0
51,Sharable heuristic internet solution,Russia,Documentary,124764517-7
52,Assimilated next generation protocol,Peru,Drama,160504674-4
53,Up-sized intangible parallelism,China,Documentary,691584195-4
54,Secured national model,Poland,Drama|Film-Noir|Mystery,993030536-X
55,Reduced foreground implementation,France,Drama|War,152046392-8
56,Quality-focused multi-state Graphical User Interface,Indonesia,Drama|Romance,123155275-1
57,Customizable background website,Indonesia,Comedy|Drama|Fantasy|Romance,327153569-8
58,Total motivating superstructure,Indonesia,Comedy|Drama|Musical,309927634-0
59,Function-based dynamic standardization,Philippines,Drama,052632016-8
60,Grass-roots needs-based software,Hungary,Comedy|Drama|Romance,547200533-7
61,Realigned fault-tolerant access,Yemen,Action|Adventure|Comedy|Fantasy,734193671-1
62,Multi-layered eco-centric attitude,Ethiopia,Comedy|Musical,532944388-1
63,Devolved zero administration time-frame,Brazil,Action|Comedy,943976661-1
64,Persistent holistic frame,Indonesia,Horror|Thriller,560725313-9
65,Streamlined empowering concept,China,Comedy,143424679-5
66,Adaptive actuating throughput,China,Romance,504273601-8
67,Self-enabling local projection,Indonesia,Comedy|Drama|Romance,829053735-2
68,Streamlined 24/7 capability,Russia,Horror|Mystery,211574013-0
69,Polarised dynamic ability,China,Documentary|War,314176475-1
70,Devolved 3rd generation adapter,Peru,Comedy|Horror,523416210-9
71,Expanded intangible Graphic Interface,Vietnam,Comedy|Romance,588475899-5
72,Profit-focused empowering benchmark,Pakistan,Comedy|Drama,458768584-4
73,Focused human-resource website,Philippines,Comedy|Drama|Romance,975234537-9
74,Face to face 6th generation capability,China,Comedy|Drama|Romance,155512127-6
75,Managed 6th generation artificial intelligence,Panama,Horror|Thriller,084652538-0
76,Profound disintermediate success,Mali,Drama,733758229-3
77,Monitored incremental interface,Brazil,Drama,570769880-9
78,Reduced uniform capability,Uzbekistan,Drama,722907554-8
79,Fully-configurable bandwidth-monitored superstructure,Syria,Drama|War,793049297-4
80,Reactive attitude-oriented adapter,Indonesia,Crime|Thriller,187213725-3
81,Object-based interactive artificial intelligence,China,Adventure|Drama|Romance,931193892-0
82,Streamlined uniform help-desk,Russia,Drama,115379037-8
83,Focused user-facing orchestration,Pakistan,Horror|Sci-Fi,329482353-3
84,Exclusive methodical function,France,Documentary,499445645-3
85,Automated multimedia infrastructure,Kyrgyzstan,Adventure|Drama|Horror,233696610-7
86,Triple-buffered bottom-line focus group,Spain,Drama|Horror|Thriller,228554809-5
87,Automated discrete migration,China,Comedy,958905282-7
88,Horizontal analyzing support,China,Action|Comedy|Drama|Romance,548505944-9
89,Enterprise-wide analyzing complexity,China,Crime|Drama|Thriller,301305697-5
90,Right-sized full-range time-frame,United States,Documentary,738654646-7
91,Implemented bandwidth-monitored functionalities,United States,Documentary,742576453-9
92,Down-sized bi-directional installation,Argentina,Adventure|Fantasy|Romance|Sci-Fi,218099286-6
93,Cloned transitional task-force,Poland,Documentary,699458408-9
94,Mandatory neutral matrices,Indonesia,Comedy,149476587-X
95,Monitored explicit array,United States,Drama,179177207-2
96,Balanced discrete moratorium,Papua New Guinea,Comedy|Romance,082455002-1
97,Front-line national concept,Mongolia,Drama,715305780-3
98,Innovative bottom-line database,Indonesia,Drama|War,894081478-9
99,Robust exuding productivity,China,Comedy|Romance,728937289-1
100,Customer-focused encompassing functionalities,China,Adventure|Horror|Sci-Fi|Thriller,097433084-1
101,Face to face upward-trending leverage,Indonesia,Adventure|Comedy|Horror,289472760-7
102,Progressive impactful knowledge user,China,Crime|Drama,135089449-4
103,Pre-emptive responsive moratorium,Luxembourg,Comedy|Drama,790581175-1
104,Open-architected real-time model,Zambia,Action|Drama,923851594-8
105,Universal 24/7 forecast,Russia,Western,808115535-X
106,Right-sized solution-oriented analyzer,Portugal,Drama|Horror|Mystery|Thriller,758875182-7
107,Profound dynamic knowledge user,Egypt,Comedy,592549797-X
108,Profit-focused national framework,Russia,Drama,964136792-7
109,Vision-oriented intermediate info-mediaries,Indonesia,Drama,086677937-X
110,Visionary didactic utilisation,Indonesia,(no genres listed),646218666-6
111,Operative human-resource functionalities,Greece,Action|Crime|Thriller,220769402-X
112,Adaptive real-time challenge,Russia,Comedy,319678151-8
113,Programmable systemic installation,Egypt,Comedy|Crime|Drama|Musical|Romance,797632218-4
114,Monitored optimal structure,Indonesia,Horror|Thriller,490414159-8
115,Fundamental web-enabled adapter,China,Comedy|Romance,617041257-7
116,Multi-channelled 3rd generation utilisation,France,Comedy,727276403-1
117,Profound multimedia neural-net,Honduras,Comedy|Drama|Romance,592148379-6
118,Total multi-tasking firmware,Indonesia,Comedy,838965469-5
119,Enhanced solution-oriented matrix,Russia,Horror,363394150-9
120,Organized mobile definition,Jamaica,Drama|Sci-Fi,413013574-0
121,Ergonomic hybrid solution,Madagascar,Drama,004855891-5
122,Ameliorated attitude-oriented attitude,China,Action|Crime|Thriller,063629990-2
123,Right-sized fresh-thinking product,France,Comedy|Drama|Musical|Romance,144031156-0
124,Adaptive human-resource customer loyalty,China,Horror,229173191-2
125,Cloned optimizing extranet,China,Action|Crime|Drama|IMAX,635904812-4
126,Organized analyzing time-frame,Colombia,Drama,749564060-X
127,Optimized well-modulated orchestration,Tanzania,Action|Sci-Fi,358167654-0
128,Cross-group real-time function,Ethiopia,Adventure|Children|Comedy|Drama|Fantasy,691171368-4
129,Centralized regional infrastructure,Russia,Western,800220912-5
130,Configurable scalable info-mediaries,Pakistan,Crime|Drama|Film-Noir|Thriller,088230502-6
131,Balanced local leverage,Portugal,Drama,356496791-5
132,Proactive multimedia emulation,Japan,Action|Fantasy,100082692-9
133,Multi-layered bandwidth-monitored array,Indonesia,Drama,718065752-2
134,Diverse actuating analyzer,France,Crime|Drama|Mystery|Thriller,778290443-9
135,Progressive real-time structure,Czech Republic,Drama|Romance,256959994-8
136,Synergized methodical utilisation,Pakistan,(no genres listed),821726845-2
137,Exclusive hybrid conglomeration,China,Action|Horror|Thriller,857252081-3
138,User-friendly impactful policy,China,Comedy,959679029-3
139,Seamless web-enabled algorithm,Indonesia,Horror,794577531-4
140,Operative reciprocal architecture,Indonesia,Adventure|Drama|Romance,871332797-6
141,Phased bandwidth-monitored matrices,Bulgaria,Thriller,984427038-3
142,Horizontal neutral functionalities,Poland,Action|Adventure|Thriller,881260533-8
143,Configurable radical application,Philippines,Comedy|Drama|Romance,966777128-8
144,De-engineered background projection,Indonesia,Drama,158691426-X
145,Balanced fresh-thinking implementation,Indonesia,Action|Adventure|Comedy|Horror,867270641-2
146,Versatile zero tolerance success,Greece,Comedy|Drama,697081954-X
147,Business-focused mobile groupware,Indonesia,Comedy,933838655-4
148,Fully-configurable non-volatile Graphical User Interface,Sweden,Western,858152358-7
149,Enhanced next generation matrices,Indonesia,Documentary,151783734-0
150,Versatile coherent toolset,South Korea,Comedy|Romance,404135982-1
151,Cross-platform empowering standardization,Argentina,Crime|Drama,956038374-4
152,Managed multimedia policy,China,Action|Comedy|Crime,921482822-9
153,Multi-tiered value-added access,Greece,Action|Adventure|Crime|Drama,028978655-X
154,Progressive maximized frame,Indonesia,Action|Animation|Children,671452977-5
155,Right-sized intangible application,Portugal,Drama,683879032-7
156,Realigned intermediate groupware,China,Animation|Comedy|Fantasy,893513332-9
157,Multi-layered zero tolerance extranet,Ukraine,Drama,126350682-8
158,De-engineered demand-driven core,Philippines,Drama,287780883-1
159,Synergistic bifurcated intranet,Thailand,Action|Crime|Drama|Sci-Fi|Thriller,719920441-8
160,Streamlined discrete secured line,Mongolia,Adventure|Animation|Children,457494823-X
161,Seamless local knowledge user,China,Crime|Drama,138620388-2
162,Reactive systematic groupware,Brazil,Horror|Sci-Fi|Thriller,947760663-4
163,Visionary zero defect productivity,Tanzania,Adventure|Children|Drama,497945938-2
164,De-engineered user-facing parallelism,Philippines,Documentary,346146577-1
165,Customer-focused homogeneous monitoring,Japan,Comedy|Thriller,816133010-7
166,User-centric bandwidth-monitored protocol,Nicaragua,Comedy|Sci-Fi,415243275-6
167,Profound interactive open architecture,China,Drama,496380705-X
168,Digitized 6th generation challenge,Indonesia,Comedy|Drama,267248474-0
169,Profit-focused upward-trending help-desk,Russia,Animation|Comedy|Fantasy,267934898-2
170,Persistent scalable matrix,Bahamas,Comedy|Drama|Romance,169699600-7
171,Configurable mobile middleware,Russia,Action|Drama,623140093-X
172,Optimized optimizing conglomeration,Albania,Drama,084693610-0
173,Profound system-worthy projection,Vietnam,Drama|Romance,140484471-6
174,Enhanced impactful hardware,Malaysia,Horror|Mystery|Thriller,702536851-2
175,Pre-emptive optimizing circuit,Pakistan,Comedy|Drama,559580264-2
176,Phased real-time middleware,China,Action|Adventure|Drama,654026580-8
177,Quality-focused impactful internet solution,Brazil,Drama,945928661-5
178,Customer-focused mission-critical middleware,Philippines,Action|Animation|Comedy|Horror|Thriller,932062103-9
179,User-friendly web-enabled circuit,Portugal,Adventure|Sci-Fi,124822077-3
180,Secured asynchronous alliance,Sweden,Drama|Romance|War,891149908-0
181,Advanced value-added methodology,China,Horror,150409684-3
182,Customizable needs-based local area network,Indonesia,Comedy|Fantasy|Romance,230371805-8
183,Ameliorated incremental utilisation,Ukraine,Comedy|Romance,083313589-9
184,Vision-oriented global workforce,South Africa,Comedy|Romance,886662663-5
185,Persistent user-facing emulation,China,Action|Comedy,064743087-8
186,Assimilated asynchronous encoding,United Kingdom,Drama,657756872-3
187,User-friendly multimedia productivity,China,Drama,717329710-9
188,Open-source non-volatile concept,Greece,Drama,160028482-5
189,Future-proofed analyzing workforce,Bulgaria,Drama|Romance,815790346-7
190,Networked even-keeled hub,Poland,Documentary,432323900-9
191,Seamless background forecast,Yemen,Documentary|Mystery,301790407-5
192,Reactive impactful frame,Colombia,Drama|Musical|Romance,185179337-2
193,User-centric clear-thinking system engine,Russia,Action|Adventure|Animation|Crime|Fantasy,433939571-4
194,Multi-lateral responsive focus group,China,Documentary,389201306-3
195,Centralized homogeneous intranet,Libya,Crime|Drama,911301936-8
196,Synchronised client-driven portal,China,Comedy|Romance,545937424-3
197,Balanced 24/7 methodology,Thailand,Comedy,899279506-8
198,Configurable impactful toolset,Brazil,Documentary,410305138-8
199,Realigned web-enabled installation,Russia,Musical,004870668-X
200,Re-contextualized fresh-thinking protocol,Russia,Comedy|Horror,033392381-2
201,Digitized intermediate task-force,Bulgaria,Comedy|Drama,274611731-2
202,Managed object-oriented instruction set,Macedonia,Drama,063392688-4
203,Integrated next generation architecture,Mexico,Drama,404937749-7
204,Centralized hybrid application,Greece,Drama,827434120-1
205,Ergonomic maximized system engine,Indonesia,Comedy|Musical|Romance,373519671-3
206,Up-sized stable success,Philippines,Comedy|Documentary,586844637-2
207,Digitized national flexibility,Indonesia,Drama|Film-Noir,743122699-3
208,Configurable optimizing firmware,Poland,Comedy|Drama|Romance,560660321-7
209,Balanced modular superstructure,South Africa,Drama,636944215-1
210,Multi-tiered zero administration frame,Indonesia,Documentary,561659281-1
211,Assimilated attitude-oriented functionalities,Russia,Drama,509745368-9
212,Front-line intangible complexity,China,Action|Comedy|Fantasy|Horror,954804170-7
213,Profit-focused static moderator,Mayotte,Comedy|Drama|Romance,195970856-2
214,Universal mission-critical algorithm,Greece,Documentary,530440170-0
215,Realigned multimedia portal,Brazil,Comedy,209355858-0
216,Fully-configurable value-added throughput,China,Documentary,623964987-2
217,Virtual bottom-line encoding,Philippines,Documentary,173886170-8
218,Front-line stable strategy,Philippines,Comedy|Drama,749917489-1
219,Visionary methodical website,Russia,Comedy|Drama,130535175-4
220,Synchronised radical utilisation,Poland,Drama,578695712-8
221,Versatile optimal model,Iran,Animation,802574217-2
222,Integrated actuating architecture,Ukraine,Comedy,009282774-8
223,Stand-alone analyzing strategy,Ukraine,Action|Thriller,322791696-7
224,Switchable modular initiative,Bolivia,Horror|Thriller,038368434-X
225,User-centric intermediate help-desk,Brazil,Western,799253283-X
226,Multi-channelled incremental strategy,Jamaica,Comedy|Drama|Romance,778738064-0
227,Virtual bottom-line monitoring,Azerbaijan,Sci-Fi,142222438-4
228,Vision-oriented zero tolerance pricing structure,China,Documentary,583160827-1
229,Automated mission-critical open architecture,Angola,Comedy|Horror,565306015-1
230,Down-sized client-driven emulation,Philippines,Action|Comedy|Fantasy,792852753-7
231,Virtual logistical benchmark,Poland,Crime|Drama|Mystery|Thriller,782760068-9
232,Exclusive multi-tasking encoding,China,Comedy|Drama|Romance,205915647-5
233,Optional encompassing customer loyalty,Japan,Comedy,279794452-6
234,Exclusive national project,Philippines,Action|Crime|Western,010959991-8
235,Down-sized needs-based collaboration,Poland,(no genres listed),632564525-1
236,Integrated 5th generation protocol,Philippines,Drama,646221634-4
237,Robust multi-state parallelism,Honduras,Crime|Documentary,811653036-4
238,Re-contextualized executive customer loyalty,Sweden,Drama|Romance,898595615-9
239,Object-based multi-state internet solution,Bulgaria,Drama|Horror|Sci-Fi,932680959-5
240,Networked object-oriented matrix,Mexico,Crime|Drama|Thriller,288865349-4
241,Grass-roots bifurcated service-desk,Finland,Drama,868898641-X
242,Diverse fault-tolerant projection,Madagascar,War,125869015-2
243,Re-engineered modular functionalities,Argentina,Comedy,467205462-4
244,Phased real-time benchmark,Chile,Action|Drama|Thriller,131269411-4
245,Customizable 6th generation middleware,Indonesia,Action|Adventure|Sci-Fi|Thriller|IMAX,110358001-9
246,Upgradable methodical toolset,Uzbekistan,Children|Comedy,137359016-5
247,Sharable scalable collaboration,Indonesia,Action|Sci-Fi,455834421-X
248,Ergonomic maximized capacity,Russia,Comedy|Drama,839839312-2
249,Open-architected zero defect focus group,Madagascar,Animation|Documentary,996928748-6
250,Re-engineered multi-state core,United Arab Emirates,Horror|Sci-Fi|Thriller,150258589-8
251,Assimilated 24/7 implementation,Philippines,Drama|Romance,712610064-7
252,Quality-focused asymmetric software,Botswana,Drama,025322563-9
253,Total foreground definition,Japan,Animation|Drama|Fantasy,043770895-0
254,Monitored 6th generation standardization,United States,Drama,404435931-8
255,Persevering foreground matrix,Philippines,Comedy|Drama,835042911-9
256,Decentralized background hardware,Mauritius,Documentary,588218217-4
257,Horizontal actuating open system,Russia,Drama,226652081-4
258,Profit-focused local service-desk,Poland,Drama|Romance,029355077-8
259,Focused asymmetric leverage,China,Action|Western,535366242-3
260,Cross-platform motivating task-force,Russia,Comedy|Drama,011545299-0
261,Advanced tangible synergy,Canada,Drama,154815242-0
262,Enhanced transitional portal,Portugal,Drama,331180779-0
263,Fundamental value-added local area network,Thailand,Drama,409014472-8
264,Secured multi-state algorithm,Kenya,Documentary|Musical|IMAX,773297057-8
265,Front-line non-volatile productivity,Ukraine,Comedy,283597042-8
266,Visionary content-based capacity,Japan,Animation|Drama,696971375-X
267,Ameliorated multi-tasking framework,Norway,Animation|Children|Comedy,475605113-8
268,Quality-focused analyzing benchmark,China,Comedy|Romance,325848762-6
269,Ameliorated multimedia collaboration,China,Comedy|Drama|Romance,991701451-9
270,Focused global conglomeration,Indonesia,Horror|Thriller,078862194-7
271,Expanded user-facing access,Nepal,Comedy|Drama,012770426-4
272,Ergonomic value-added moderator,Portugal,Drama|Romance,651345811-0
273,Enterprise-wide leading edge implementation,China,Horror,467912777-5
274,Open-architected mobile software,China,Drama,229300258-6
275,Centralized real-time moderator,Russia,Drama,917831760-6
276,Virtual explicit throughput,China,Drama,558703350-3
277,Automated analyzing architecture,Philippines,Comedy,586252245-X
278,Open-architected logistical throughput,Greece,Adventure|Animation|Children,263840732-1
279,Intuitive full-range support,Syria,Comedy|Musical|Mystery|Thriller,601661626-5
280,Universal mission-critical capacity,Ukraine,Drama,745719992-6
281,Seamless holistic customer loyalty,Tanzania,Drama,803464607-5
282,Universal dedicated application,Mongolia,Children|Drama,487311274-5
283,Configurable coherent function,Indonesia,Comedy|Crime|Drama,562344896-8
284,Mandatory regional system engine,Indonesia,Comedy,844487164-8
285,Decentralized solution-oriented help-desk,China,Comedy|Drama|Romance,041289334-7
286,Decentralized discrete software,China,Comedy|Romance,220454746-8
287,Monitored uniform alliance,Peru,Documentary|Sci-Fi,302925637-5
288,Cross-platform heuristic secured line,Japan,Documentary,030938371-4
289,Public-key eco-centric moderator,South Africa,Action|Sci-Fi|IMAX,433269929-7
290,Up-sized impactful groupware,China,Adventure|Documentary,352183334-8
291,Public-key systemic workforce,China,Comedy|Romance,356788710-6
292,Inverse disintermediate ability,Belarus,Comedy|Drama|Romance,338319432-9
293,Diverse homogeneous benchmark,Philippines,Animation|Children|Comedy|Musical,691292265-1
294,Automated methodical matrix,Russia,Crime|Horror|Mystery|Thriller,366588641-4
295,Down-sized coherent projection,Ivory Coast,Documentary,802922470-2
296,Open-architected background complexity,Indonesia,Crime|Drama|Thriller,575812332-3
297,Mandatory client-driven standardization,Philippines,Drama,610353077-6
298,Re-contextualized actuating initiative,China,Comedy|Drama|Romance,392247828-X
299,Right-sized multi-tasking Graphic Interface,Cameroon,Action|Adventure|Sci-Fi,796262732-8
300,Innovative object-oriented flexibility,China,Documentary,567570968-1
301,Advanced radical orchestration,China,Documentary,424804778-0
302,Multi-lateral needs-based process improvement,Kenya,Comedy|Drama|Romance,710560419-0
303,Customizable 24 hour hub,China,Crime|Drama|Musical,154606862-7
304,Front-line tertiary project,United States,Drama,553916332-X
305,Cross-platform upward-trending website,France,Action|Drama,268911065-2
306,Programmable foreground array,China,Action|Adventure|Comedy|Crime|Thriller,955943214-1
307,Customer-focused systematic software,China,Drama,109029282-1
308,Optimized multi-tasking knowledge user,Vietnam,Comedy|Drama|Musical|Romance,669453880-4
309,Function-based regional website,Vietnam,Drama,433486630-1
310,Grass-roots 24 hour archive,Argentina,Action|Romance,560092145-4
311,Advanced discrete emulation,Indonesia,Action,708340311-2
312,Stand-alone full-range analyzer,South Korea,(no genres listed),222423055-9
313,Reverse-engineered 4th generation orchestration,Thailand,Documentary,248641547-5
314,Devolved 3rd generation customer loyalty,Greece,Comedy|Drama,619082248-7
315,Synergistic eco-centric process improvement,Afghanistan,Drama,667397077-4
316,Seamless intangible local area network,Sweden,Action|Crime|Thriller,988311210-6
317,Stand-alone responsive projection,Thailand,Comedy|Drama|Romance,336116486-9
318,Enterprise-wide radical utilisation,Canada,Comedy|Sci-Fi,256957225-X
319,Customizable explicit moratorium,Armenia,Comedy,549490137-8
320,Quality-focused upward-trending infrastructure,Ukraine,Crime|Drama|Thriller,643735824-6
321,Self-enabling didactic artificial intelligence,France,Drama|Romance,766352324-5
322,Open-source 4th generation definition,China,Drama|Romance,050957070-4
323,Organized mobile productivity,France,Drama|War,920686020-8
324,Organic transitional contingency,China,Crime|Drama|Film-Noir,606137147-0
325,Optimized exuding process improvement,Albania,Comedy,448023848-4
326,Stand-alone demand-driven strategy,China,Drama|War,808828472-4
327,Universal user-facing migration,Poland,Drama,405429327-1
328,Triple-buffered bi-directional strategy,Indonesia,Drama|Romance,926192694-0
329,User-centric fresh-thinking monitoring,China,Adventure|Comedy|Thriller,829155520-6
330,Switchable interactive framework,France,Drama|War,345200994-7
331,Reactive tertiary installation,China,Drama|Horror,661220276-9
332,Customizable mission-critical hardware,Thailand,Crime|Drama|Film-Noir,006258709-9
333,Re-contextualized optimal Graphic Interface,Philippines,Comedy|Drama,063704669-2
334,Horizontal modular frame,Indonesia,Documentary,531908400-5
335,Phased analyzing superstructure,Ireland,Action|Adventure|Animation|Children,088774695-0
336,De-engineered optimal function,Poland,Drama,334712800-1
337,Cross-group 24/7 budgetary management,Russia,Documentary,421196847-5
338,Realigned mission-critical portal,Croatia,Comedy|Drama,062624633-4
339,Expanded discrete definition,Japan,Drama|Musical|Romance,009828339-1
340,Public-key logistical moderator,China,Drama|Romance|Western,170017029-5
341,Reverse-engineered systemic frame,Indonesia,Comedy|Horror|Sci-Fi,898304538-8
342,Operative 4th generation initiative,United States,Fantasy|Horror,397248555-7
343,Customer-focused systemic policy,Czech Republic,Comedy,069849090-8
344,Reactive 6th generation superstructure,Kenya,Action|Adventure|Animation|Children|Fantasy,934964996-9
345,User-centric tangible policy,France,Drama,121299061-7
346,Versatile tangible focus group,Israel,Comedy|Drama,481701245-5
347,Enterprise-wide full-range concept,Poland,Drama,409278549-6
348,Future-proofed next generation productivity,Ireland,Action|Crime|Thriller,655636188-7
349,Advanced regional model,Malaysia,Drama|Romance,752501360-8
350,Managed fresh-thinking policy,Sweden,Documentary|Musical,025077378-3
351,Enterprise-wide context-sensitive analyzer,United States,Crime|Drama|Thriller,836858891-X
352,Distributed radical conglomeration,China,Drama|Horror|Mystery,937166143-7
353,Upgradable responsive array,Philippines,Action|Thriller,377623588-8
354,Integrated systemic matrices,Mexico,Drama,931973224-8
355,Persevering neutral synergy,China,Horror|Mystery|Thriller,528887082-9
356,Progressive multimedia portal,Brazil,Comedy|Fantasy,443974800-7
357,Operative empowering initiative,United States,Adventure|Drama|Romance,096553782-X
358,Open-source interactive collaboration,Japan,Comedy,531680001-X
359,Streamlined background focus group,Bulgaria,Thriller,072594481-1
360,Re-contextualized human-resource capacity,Portugal,Adventure|Drama|Horror,020497045-8
361,De-engineered radical monitoring,Sweden,Crime|Drama,437379578-9
362,Switchable client-driven interface,Bahamas,Comedy|Drama|War,881554047-4
363,Implemented regional info-mediaries,Poland,Comedy|Drama,914093091-2
364,Right-sized mission-critical collaboration,Sweden,Drama,485757621-X
365,Diverse real-time paradigm,Japan,Horror|Sci-Fi,931112555-5
366,Balanced zero administration definition,South Korea,Drama|Thriller,265846631-5
367,Decentralized zero defect time-frame,Indonesia,Drama,080948576-1
368,Monitored motivating process improvement,China,Western,120450819-4
369,Automated eco-centric utilisation,Mexico,Drama|Thriller,026512941-9
370,Configurable asymmetric hardware,Peru,Drama|Fantasy|Romance,584767970-X
371,Devolved stable firmware,Russia,Comedy|Drama,889793636-9
372,User-friendly modular support,Sweden,Drama|Horror,120870389-7
373,Persevering fault-tolerant hub,China,Comedy|Crime|Horror|Mystery|Thriller,892928013-7
374,Cross-group clear-thinking hierarchy,United States,Drama,865356683-X
375,Face to face asymmetric project,Thailand,Crime|Drama|Film-Noir|Thriller,063687998-4
376,De-engineered solution-oriented budgetary management,Uganda,War,191675987-4
377,Managed incremental knowledge user,Peru,Western,713457783-X
378,Front-line didactic analyzer,China,Comedy,780874310-0
379,Digitized composite function,Japan,Drama|Romance,475399716-2
380,Front-line local info-mediaries,Russia,Drama|Romance,724071173-0
381,Optimized foreground conglomeration,China,Comedy|Crime|Mystery,692061591-6
382,Synergized asymmetric synergy,Portugal,Action|Drama,186092758-0
383,Cloned incremental moratorium,China,Horror|Thriller,711871133-0
384,Re-contextualized human-resource archive,Sweden,Action|Adventure|Crime|Thriller,705230442-2
385,Function-based 24 hour emulation,France,Drama|Horror|Sci-Fi,001299525-8
386,Virtual 4th generation open system,Philippines,Children,945831418-6
387,User-centric full-range parallelism,Spain,Comedy|Romance,350820013-2
388,Object-based logistical workforce,Indonesia,Thriller,778061576-6
389,Open-source solution-oriented flexibility,Indonesia,Comedy,730442710-8
390,Switchable bifurcated secured line,Indonesia,Drama|War,946689827-2
391,Re-engineered client-server emulation,Yemen,Comedy,190906821-7
392,Multi-tiered incremental project,China,Comedy|Drama|Romance,378116113-7
393,Upgradable background collaboration,Russia,Drama,716475326-1
394,Fundamental modular standardization,Czech Republic,Drama,193244596-X
395,Synchronised analyzing contingency,Peru,Documentary,377578988-X
396,Monitored multi-state model,Japan,Crime|Drama|Romance,911680182-2
397,Inverse reciprocal open system,China,Comedy|Romance,263927993-9
398,Enhanced even-keeled alliance,Colombia,Drama,188436608-2
399,Persevering real-time adapter,Egypt,Drama,995421618-9
400,Assimilated object-oriented utilisation,China,Drama|Western,552738441-5
401,Multi-channelled tertiary projection,China,Drama|War,823354713-1
402,Up-sized needs-based artificial intelligence,China,Action|Crime|Drama|Thriller,046732587-1
403,Advanced regional hierarchy,China,Drama|Romance,753164622-6
404,Open-architected demand-driven Graphic Interface,Sweden,Drama,193004758-4
405,Right-sized asymmetric software,Peru,Action|Drama|Mystery|Romance|Sci-Fi,618275247-5
406,Automated attitude-oriented analyzer,Tunisia,Adventure|Drama,252606816-9
407,Decentralized interactive function,Indonesia,Documentary,437028999-8
408,Multi-layered intangible budgetary management,Portugal,Comedy|Drama,149931592-9
409,Automated bandwidth-monitored data-warehouse,Argentina,Comedy,192745438-7
410,Focused asynchronous projection,Poland,Children|Comedy|Drama,153949724-0
411,Centralized multimedia architecture,South Africa,Drama|Thriller,838572335-8
412,Exclusive high-level pricing structure,Belarus,Crime|Drama,575635727-0
413,Synergized national infrastructure,Brazil,Comedy,270478109-5
414,Polarised global infrastructure,China,Comedy|Crime|Drama,126445416-3
415,Open-architected regional installation,Poland,Crime|Drama,319862632-3
416,Fundamental responsive portal,China,Drama|Romance,762208245-7
417,Devolved dedicated utilisation,Colombia,Comedy|Drama,581908911-1
418,Versatile human-resource matrix,United States,Drama|Romance,594189362-0
419,Multi-tiered zero tolerance framework,Russia,Drama|Fantasy|Romance,943476647-8
420,Re-engineered object-oriented functionalities,Azerbaijan,Documentary,850811127-4
421,Synchronised systematic implementation,Philippines,Comedy|Horror|Thriller,487335464-1
422,Cross-group zero administration system engine,Indonesia,Action|Adventure,171922492-7
423,Realigned hybrid conglomeration,Malaysia,Drama|Fantasy|Romance,820461000-9
424,Expanded homogeneous standardization,Norway,Drama,543285083-4
425,Devolved executive array,Kenya,Action|Comedy|Crime|Thriller,279090989-X
426,Integrated demand-driven artificial intelligence,Indonesia,Action|Adventure|Fantasy|Sci-Fi,639864219-8
427,Enhanced web-enabled orchestration,Azerbaijan,Drama,475162823-2
428,Customizable static capacity,Philippines,Horror,681896796-5
429,Triple-buffered didactic customer loyalty,Albania,Comedy,573398124-5
430,Visionary multimedia core,Philippines,Drama,111998277-4
431,Stand-alone upward-trending core,Brazil,Drama,144781259-X
432,Open-architected regional application,Philippines,Drama|Thriller,372821525-2
433,Progressive solution-oriented alliance,China,Action|Comedy|Crime,538839359-3
434,Multi-channelled radical toolset,Slovenia,Horror,209658843-X
435,Total coherent application,Canada,Children,750793601-5
436,Customer-focused systematic open system,Nigeria,Drama,481070948-5
437,Operative needs-based groupware,Czech Republic,Adventure|Comedy|Drama,570219236-2
438,Enhanced client-driven encryption,China,Children|Drama,178892377-4
439,Expanded asymmetric open system,Palestinian Territory,Action|Horror,853047291-8
440,Quality-focused didactic internet solution,Croatia,Drama|Mystery|Romance,428772928-5
441,Exclusive mission-critical functionalities,Argentina,Documentary,643873680-5
442,Persistent motivating hierarchy,Burkina Faso,Adventure|Animation|Children|Romance|Sci-Fi,719584362-9
443,Phased coherent policy,Mexico,Drama|Romance,387675555-7
444,Persistent zero defect circuit,France,Drama,149144608-0
445,Multi-layered holistic migration,Democratic Republic of the Congo,Drama,898903708-5
446,Team-oriented grid-enabled secured line,Indonesia,Crime|Drama,565663729-8
447,Implemented tangible matrix,Philippines,Action|Sci-Fi|War,037136026-9
448,Horizontal secondary concept,Thailand,Drama|Mystery|Romance,856351216-1
449,Customizable solution-oriented structure,China,Action|Adventure|Sci-Fi|Thriller|IMAX,486618351-9
450,Secured modular infrastructure,Denmark,Drama,357365321-9
451,Diverse zero tolerance core,France,Drama,338232931-X
452,Function-based reciprocal initiative,Sweden,Comedy|Drama,775868615-X
453,Virtual encompassing policy,Albania,Crime|Drama|Thriller,403111327-7
454,Diverse object-oriented array,Pakistan,Comedy|Musical,503372628-5
455,Universal needs-based internet solution,Brazil,Crime|Documentary,650851268-4
456,Public-key zero tolerance complexity,Vietnam,Comedy,837685605-7
457,Triple-buffered discrete leverage,Mexico,Drama|Romance,233783048-9
458,Multi-channelled disintermediate parallelism,Bulgaria,Drama,654173005-9
459,Multi-layered executive matrix,Afghanistan,Comedy|Romance,211667803-X
460,Decentralized optimizing application,China,Comedy,849166687-7
461,Exclusive neutral productivity,United States,Comedy|Drama,304901601-9
462,Open-architected 3rd generation hub,Greece,Drama,119573711-4
463,Down-sized multimedia database,China,Crime|Drama|Thriller,714171429-4
464,Networked intangible product,Canada,Horror|Thriller,194224889-X
465,Pre-emptive attitude-oriented data-warehouse,Indonesia,Crime|Drama,566985940-5
466,Optimized holistic migration,Costa Rica,Drama|Romance,762536320-1
467,Persevering exuding database,Vietnam,Comedy,171953920-0
468,User-centric composite array,China,Comedy,581929304-5
469,Compatible zero tolerance neural-net,Morocco,Adventure|Drama|War|Western,510058015-1
470,Monitored well-modulated knowledge base,Thailand,Documentary,945774605-8
471,Business-focused eco-centric implementation,Russia,Comedy|Drama|Romance,876276156-0
472,Phased uniform benchmark,Indonesia,Children|Western,326917276-1
473,Function-based background moderator,China,Comedy|War,636447138-2
474,Reactive asymmetric core,Kenya,Comedy,160938837-2
475,Compatible solution-oriented open architecture,Argentina,Comedy,596914153-4
476,Innovative bifurcated contingency,Sweden,Action|Drama,505210306-9
477,Compatible optimizing complexity,Philippines,Comedy|Drama|Musical,593826566-5
478,Re-engineered client-driven website,Latvia,Action|Horror|Sci-Fi|Thriller,644295528-1
479,Profound zero tolerance help-desk,Uruguay,Action|Horror|Sci-Fi,533509805-8
480,De-engineered bottom-line product,Peru,Comedy|Drama|Romance,937894445-0
481,Synchronised tertiary instruction set,Indonesia,Comedy|Drama,713095040-4
482,Fully-configurable stable migration,Latvia,Drama|Romance,615885940-0
483,Re-engineered transitional groupware,Sweden,Children|Comedy,664943561-9
484,Enhanced encompassing contingency,Guatemala,Adventure|Romance|Sci-Fi,924953288-1
485,Cloned modular definition,Malawi,Animation|Comedy,402399073-6
486,Inverse analyzing superstructure,Indonesia,Comedy,211622858-1
487,Team-oriented cohesive protocol,Mexico,Action|Crime|Drama,009736766-4
488,Future-proofed intangible hierarchy,Indonesia,Adventure|Children|Drama|Fantasy|Mystery,802373245-5
489,Persistent static system engine,China,Adventure|Western,616402609-1
490,Distributed methodical forecast,Russia,Comedy,593402350-0
491,Extended composite task-force,Russia,Comedy|Drama,568824412-7
492,Enterprise-wide fresh-thinking success,Philippines,Action|Romance|Thriller,420990190-3
493,Secured background firmware,Philippines,Action|Drama|Romance|Western,421117067-8
494,Multi-tiered hybrid Graphic Interface,Sweden,Comedy,300110215-2
495,Balanced fresh-thinking concept,Brazil,Drama,376777724-X
496,Cloned mission-critical moderator,Central African Republic,Comedy|Drama,185396448-4
497,Centralized context-sensitive frame,China,Action|Drama|Thriller,788358837-0
498,Enhanced contextually-based protocol,Portugal,Comedy|Drama,388911345-1
499,Universal didactic focus group,China,Comedy|Drama,393750031-6
500,Re-engineered neutral Graphical User Interface,Poland,Adventure|Comedy|Romance,412178596-7
501,Mandatory maximized encoding,China,Comedy,026343817-1
502,Persevering full-range projection,South Africa,Drama|Thriller,212783304-X
503,Re-engineered mission-critical help-desk,Serbia,Comedy,997267225-5
504,Enterprise-wide interactive strategy,Israel,Crime|Drama,555239908-0
505,Multi-lateral 24 hour synergy,China,Drama,385873750-X
506,Reactive modular alliance,France,Crime|Horror|Mystery|Romance|Thriller,727313220-9
507,Upgradable client-server toolset,Brazil,Horror|Sci-Fi,947522843-8
508,Stand-alone systematic hardware,Philippines,Drama,909868158-1
509,Exclusive 24/7 infrastructure,Thailand,Comedy,781384954-X
510,Object-based coherent pricing structure,Brazil,Horror,647036468-3
511,Inverse client-driven system engine,Indonesia,Horror,776932697-4
512,Multi-lateral exuding firmware,United States,Crime|Drama|Thriller,688604528-8
513,Progressive asymmetric protocol,Russia,Children|Drama,467194765-X
514,Cloned leading edge installation,Croatia,Action|Adventure,586865997-X
515,Multi-layered clear-thinking hierarchy,Portugal,Action|Adventure|Drama|War,137346153-5
516,User-friendly human-resource website,Malta,Comedy|Horror|Romance,128464047-7
517,Cross-group composite local area network,China,Horror|Sci-Fi|Thriller,450750882-7
518,Seamless uniform functionalities,Russia,(no genres listed),300779280-0
519,Fully-configurable optimizing toolset,France,Documentary,622280847-6
520,Managed zero tolerance firmware,Philippines,Comedy|Drama|Romance,652285300-0
521,Horizontal bifurcated collaboration,Brazil,Documentary,222861784-9
522,Inverse coherent core,United States,Crime|Drama|Thriller,118714094-5
523,Customizable content-based solution,Guatemala,(no genres listed),918430572-X
524,Versatile disintermediate forecast,China,Comedy|Crime|Mystery|Thriller,683924075-4
525,Distributed 5th generation success,Czech Republic,Drama|Thriller,399774780-6
526,Devolved attitude-oriented forecast,Peru,Action|Drama,300109699-3
527,Integrated eco-centric capacity,Canada,Drama|Horror|Thriller,157492712-4
528,Optimized multimedia core,Colombia,Documentary,392814194-5
529,Stand-alone asymmetric data-warehouse,Canada,Sci-Fi,125129055-8
530,Universal didactic strategy,China,Documentary,202387354-1
531,Optimized maximized concept,Czech Republic,Horror|Thriller,374612018-7
532,Reactive discrete software,China,Comedy|Drama,517878010-8
533,Polarised clear-thinking capacity,China,Drama,732676586-3
534,Synergistic zero administration solution,China,Comedy|Drama|Musical|Romance,879241313-7
535,Ergonomic non-volatile challenge,Sweden,Drama,073627361-1
536,Sharable maximized benchmark,Guatemala,Horror|Thriller,158148811-4
537,De-engineered holistic adapter,Belarus,Drama|Romance|War,097276398-8
538,Down-sized optimal interface,United States,Comedy|Romance,389222204-5
539,Switchable discrete benchmark,China,Drama,778905626-3
540,Vision-oriented client-driven productivity,Vietnam,Action|Comedy,403702264-8
541,Realigned motivating system engine,China,Adventure|Horror|Mystery,412462504-9
542,Face to face multimedia collaboration,Kazakhstan,Drama,865210471-9
543,Versatile composite open system,France,Comedy,169344527-1
544,Grass-roots disintermediate installation,Russia,Comedy,150110929-4
545,Optional system-worthy task-force,Philippines,Comedy|Drama|Musical,594669125-2
546,Diverse contextually-based circuit,China,Animation|Drama,172311331-X
547,Upgradable coherent utilisation,Peru,Action|Animation|Crime|Sci-Fi|Thriller,604652186-6
548,Public-key demand-driven middleware,Czech Republic,Comedy|Drama|Fantasy|Romance,938493394-5
549,Enterprise-wide uniform matrix,Nigeria,Children|Drama,571437373-1
550,Up-sized radical functionalities,Guatemala,Action|Crime|Horror,503040180-6
551,Secured system-worthy moderator,Russia,Drama,719717968-8
552,Assimilated logistical Graphical User Interface,Senegal,Comedy|Romance,813935692-1
553,Persevering next generation Graphical User Interface,Sweden,Drama,145863325-X
554,Proactive scalable knowledge user,Czech Republic,Drama|Romance|War,952525803-3
555,Configurable secondary artificial intelligence,Netherlands,Horror|Thriller,407209290-8
556,Persevering hybrid workforce,Czech Republic,Thriller,826837927-8
557,Down-sized local local area network,Ethiopia,Comedy|Western,835502006-5
558,Cross-group analyzing neural-net,Palestinian Territory,Comedy|Drama,529732446-7
559,Quality-focused encompassing emulation,United States,Comedy,205062630-4
560,Re-contextualized human-resource initiative,United States,Comedy,271855477-0
561,Business-focused mobile encoding,Indonesia,Documentary|IMAX,986364938-4
562,Advanced 6th generation protocol,Serbia,Action|Adventure|Crime|Mystery|Romance,445654268-3
563,Open-architected bi-directional forecast,Indonesia,Documentary,961462766-2
564,Distributed secondary adapter,Kosovo,Documentary,338446637-3
565,Self-enabling human-resource projection,Philippines,Comedy|Documentary,890470178-3
566,Proactive 6th generation open architecture,China,Documentary,831317733-0
567,Function-based secondary migration,Ukraine,Comedy,867217705-3
568,Mandatory client-server website,China,Documentary,920013701-6
569,Optional modular adapter,Democratic Republic of the Congo,Comedy|Drama,588945148-0
570,Centralized mission-critical help-desk,Philippines,Horror|Thriller,399807100-8
571,Multi-layered stable hub,Russia,Action|Crime,116329372-5
572,Cross-platform systemic architecture,France,Comedy,227363606-7
573,Reduced transitional functionalities,Colombia,Action|War,384766942-7
574,Balanced leading edge parallelism,China,Adventure|Animation|Children|Comedy|Fantasy,804267925-4
575,Robust systematic frame,Indonesia,Comedy,642852537-2
576,Grass-roots transitional infrastructure,Indonesia,Romance|Thriller,028611268-X
577,Phased motivating solution,China,Comedy|Drama,695353048-0
578,Balanced actuating hierarchy,Russia,Crime|Drama|Thriller,037001896-6
579,Pre-emptive needs-based functionalities,South Korea,Crime|Film-Noir|Mystery|Romance|Thriller,875575352-3
580,Quality-focused intangible concept,Kenya,Comedy|Crime|Drama,061106154-6
581,Integrated systematic capability,Tunisia,Documentary,648225213-3
582,Enterprise-wide encompassing function,Bangladesh,Action|Drama|Western,857171547-5
583,Public-key 24 hour project,Russia,Comedy|Drama|Romance,923444920-7
584,Progressive leading edge leverage,South Sudan,Drama|Romance,867754624-3
585,Organized bottom-line parallelism,China,Comedy|Drama,325854160-4
586,Triple-buffered encompassing synergy,Greece,Drama|Mystery|Romance,171888737-X
587,Business-focused encompassing project,Sweden,Drama,722619697-2
588,Customizable zero administration challenge,Morocco,Crime|Drama|Thriller,051360657-2
589,Ergonomic cohesive encryption,China,Documentary,423939477-5
590,Right-sized multi-tasking orchestration,Yemen,Horror,333658646-1
591,Fully-configurable next generation moratorium,Indonesia,Action|Crime|Thriller,104423131-9
592,Upgradable multi-tasking secured line,China,Horror,392372567-1
593,Adaptive leading edge toolset,Lithuania,Action|Horror,278393124-9
594,Ameliorated content-based intranet,Canada,Drama,714635373-7
595,Upgradable value-added website,Saudi Arabia,Comedy|Romance,063124326-7
596,Self-enabling tertiary function,China,Comedy|Drama|Romance,405616034-1
597,Profound global matrices,Brazil,Comedy|Drama,965702144-8
598,Multi-lateral exuding ability,China,Comedy|Musical|Romance,691437510-0
599,Progressive national info-mediaries,Israel,Comedy|Horror,036205883-0
600,Right-sized tangible methodology,China,(no genres listed),324831872-4
601,Down-sized actuating Graphical User Interface,China,Drama,036928385-6
602,Operative intermediate capability,Argentina,Comedy,402361929-9
603,Team-oriented real-time focus group,Sweden,Drama|Horror|Thriller,620789671-8
604,Programmable upward-trending instruction set,Ireland,Comedy|Drama,445292663-0
605,Versatile actuating core,China,Action|Drama|Romance|Sci-Fi,693074695-9
606,Customizable object-oriented encoding,China,Action|Fantasy,900210918-0
607,Object-based discrete middleware,Mongolia,Drama,160131281-4
608,User-friendly zero administration support,Macedonia,Drama,266335934-3
609,Optional needs-based product,Poland,Horror,479960128-8
610,Total optimal definition,Poland,Drama,546335307-7
611,Versatile national instruction set,South Africa,Comedy,708446270-8
612,Diverse background Graphic Interface,Guatemala,Comedy|Fantasy|Horror,410126990-4
613,Re-engineered multimedia application,China,(no genres listed),544055635-4
614,Profit-focused foreground attitude,France,Drama|Sci-Fi,708251525-1
615,Face to face coherent workforce,Armenia,Comedy,242185695-7
616,Cloned eco-centric initiative,Poland,Horror|Thriller,640758683-6
617,Adaptive composite flexibility,Portugal,Documentary|Drama,754409802-8
618,Triple-buffered tangible support,Sudan,Drama,017787622-0
619,Implemented coherent archive,China,Drama|Horror,085024721-7
620,Versatile non-volatile pricing structure,Peru,Horror,292747062-6
621,Multi-channelled content-based migration,Indonesia,Drama,316961624-2
622,Object-based bifurcated installation,Uzbekistan,Action|Children|Romance,933796297-7
623,Reactive real-time support,Poland,Drama|Thriller,172256979-4
624,Organic didactic framework,Czech Republic,Comedy|Romance,074761486-5
625,Realigned composite challenge,Sweden,Horror|Thriller,028634656-7
626,Integrated exuding throughput,Nigeria,Comedy,434639585-6
627,Enterprise-wide static archive,China,Comedy|Drama,537727068-1
628,Synchronised empowering groupware,Japan,Comedy,776006229-X
629,Enhanced stable knowledge user,China,Comedy,473480807-4
630,Reverse-engineered methodical adapter,Philippines,Comedy,869191308-8
631,Multi-tiered 24 hour extranet,China,Crime|Drama,300519824-3
632,Programmable scalable internet solution,Russia,Documentary,177182702-5
633,Vision-oriented multi-tasking local area network,Poland,Comedy,831477388-3
634,Persevering coherent artificial intelligence,Cameroon,Documentary,185574435-X
635,Innovative regional utilisation,China,Action|Comedy,603066782-3
636,Switchable secondary projection,China,Comedy|Crime,865878857-1
637,Implemented tertiary synergy,China,Drama,353050303-7
638,Right-sized web-enabled hardware,China,Comedy|Crime,207646523-5
639,Advanced attitude-oriented toolset,France,Documentary,487776111-X
640,Re-engineered regional standardization,Russia,Documentary,376706200-3
641,Integrated coherent help-desk,Indonesia,Comedy,301411416-2
642,Visionary holistic approach,Poland,Comedy|Drama,228302300-9
643,Configurable needs-based initiative,Poland,Horror|Thriller,667871196-3
644,Switchable radical solution,Iran,Adventure|Western,164386540-4
645,Configurable high-level time-frame,Russia,Documentary,760347956-8
646,Networked non-volatile alliance,Chile,Drama,044000231-1
647,Profound scalable middleware,Luxembourg,Drama,139698347-3
648,Intuitive dynamic projection,Philippines,Documentary,052896631-6
649,Persistent eco-centric attitude,Uganda,Drama,158219109-3
650,Optimized neutral time-frame,Lithuania,Drama|Romance,474455592-6
651,Versatile mobile process improvement,United States,Western,534972346-4
652,Exclusive directional emulation,China,Drama,682585843-2
653,Networked multi-tasking process improvement,Russia,Horror|Sci-Fi|Thriller,117969344-2
654,Down-sized incremental alliance,Indonesia,Drama|Romance,099997178-6
655,Re-engineered methodical projection,China,Drama,853077773-5
656,Down-sized fresh-thinking open system,Syria,Horror|Thriller,871591418-6
657,Object-based grid-enabled solution,Sweden,Action|Crime|Drama|Thriller,960972979-7
658,Extended real-time application,China,Comedy|Drama,900734785-3
659,Intuitive upward-trending encryption,France,Comedy|Drama|Romance,897065185-3
660,Profit-focused logistical moderator,France,Comedy|Drama,894682557-X
661,Total methodical knowledge base,China,Thriller,851333980-6
662,User-centric tangible functionalities,Czech Republic,Documentary,672719092-5
663,Down-sized intangible hub,Portugal,Action|Adventure|Sci-Fi,720337536-6
664,User-friendly fresh-thinking groupware,Ukraine,Comedy,385527288-3
665,Monitored zero administration installation,Ghana,Documentary,196817567-9
666,Upgradable regional knowledge base,Comoros,Comedy|Drama,839930117-5
667,Monitored fresh-thinking customer loyalty,China,Comedy|Romance|Western,885161396-6
668,Adaptive fresh-thinking interface,Brazil,Comedy|Horror,969331904-4
669,Fundamental tangible function,Portugal,Drama,723448087-0
670,Diverse value-added framework,Indonesia,Comedy|Drama,607922124-1
671,Phased stable focus group,Canada,Comedy|Crime,339402294-X
672,Polarised bifurcated matrices,Russia,Comedy|Thriller,243947813-X
673,Reactive transitional function,United Kingdom,Documentary,539520833-X
674,Open-architected bottom-line matrix,Russia,Drama|Romance|Western,267942476-X
675,Visionary secondary toolset,Argentina,Action|Adventure|Animation|Children|Sci-Fi,490939106-1
676,Diverse 3rd generation paradigm,Philippines,Drama|Romance,378529855-2
677,Visionary optimal superstructure,China,Comedy,898414356-1
678,Triple-buffered context-sensitive software,Portugal,Drama,021786147-4
679,Realigned leading edge system engine,Ireland,Animation|Drama,371396773-3
680,Re-contextualized optimal framework,Haiti,Drama|Romance,027849892-2
681,Grass-roots tertiary encoding,Peru,Crime|Thriller,516101532-2
682,Fully-configurable motivating customer loyalty,Philippines,Comedy,720107809-7
683,Managed next generation archive,Iran,Comedy|Western,663318825-0
684,Polarised well-modulated encoding,Sweden,Drama|Mystery|Romance,302288942-9
685,Reactive modular middleware,France,Drama|War,459241786-0
686,Centralized zero administration customer loyalty,Tunisia,Drama,200496050-7
687,Customizable optimal benchmark,Indonesia,Drama|Fantasy|Horror|Thriller,907580613-2
688,Innovative mission-critical analyzer,Japan,Action|Animation|Mystery|IMAX,854699099-9
689,Fundamental leading edge core,Russia,Comedy|Documentary,601099428-4
690,Triple-buffered intermediate infrastructure,Mexico,Action|Sci-Fi|Thriller,773869545-5
691,Reactive holistic secured line,Indonesia,Drama,683434788-7
692,Front-line bifurcated projection,Greece,Horror|Thriller,259382456-5
693,Managed responsive architecture,Sweden,Comedy|Drama|Musical,873224486-X
694,Ergonomic bi-directional definition,Czech Republic,Drama|Romance,197599740-9
695,Automated multi-state pricing structure,China,Documentary,953992906-7
696,Devolved radical protocol,China,Action|Drama,593287315-9
697,Persevering coherent application,Japan,Comedy,906389080-X
698,Networked client-driven migration,Israel,Comedy|Horror,298387821-X
699,Virtual uniform open system,Philippines,Adventure|Comedy|Musical,639912846-3
700,Innovative transitional task-force,Cape Verde,Drama,915488069-6
701,Up-sized systemic flexibility,China,Comedy|Drama,146022952-5
702,Inverse transitional orchestration,Colombia,Action|Crime|Thriller,714475389-4
703,Upgradable composite customer loyalty,Syria,Comedy|Drama,411834361-4
704,Open-source asynchronous middleware,Poland,Crime|Drama|Film-Noir,789919239-0
705,Persistent directional framework,Greece,Animation|Children|Musical|IMAX,089559222-3
706,Cross-platform upward-trending moderator,France,Action|Adventure|Comedy|War,275098438-6
707,Programmable encompassing project,Mali,Children|Drama,873386490-X
708,User-friendly bottom-line installation,China,Drama,677704268-7
709,Multi-channelled bandwidth-monitored encryption,Sweden,Drama,453883941-8
710,Versatile static open system,Afghanistan,Drama|Film-Noir|Romance,540992216-6
711,Integrated dynamic initiative,Serbia,Drama,696976624-1
712,Secured dedicated task-force,Japan,Drama|Sci-Fi,144781197-6
713,Synergized client-driven open system,Kazakhstan,Comedy|Drama,315784081-9
714,Re-engineered full-range standardization,Poland,Comedy|Drama,532921719-9
715,Sharable secondary benchmark,East Timor,Documentary,631491769-7
716,Assimilated uniform neural-net,Sweden,Documentary|Drama,393715222-9
717,Persistent fault-tolerant implementation,United States,Drama,838432722-X
718,Cloned multi-tasking archive,South Africa,Action|Mystery|Thriller,256466004-5
719,Exclusive contextually-based groupware,Russia,Documentary,806155132-2
720,Focused attitude-oriented complexity,China,Comedy|Drama|Romance,400453084-9
721,Distributed heuristic standardization,Greece,Drama,591033108-6
722,Business-focused systematic implementation,Vietnam,Drama|Mystery|Thriller,542472463-9
723,Ameliorated zero defect definition,China,Musical|Romance,118330844-2
724,Programmable user-facing ability,Honduras,Western,271780930-9
725,Multi-tiered fault-tolerant data-warehouse,Russia,Action|Crime|Drama,034905175-5
726,Intuitive demand-driven functionalities,Philippines,Drama|War,744926710-1
727,Balanced global utilisation,Sri Lanka,Children|Comedy|Fantasy|Musical,350621228-1
728,Robust tangible moratorium,Poland,Drama,562538222-0
729,Assimilated high-level flexibility,Peru,Horror|Sci-Fi,477841779-8
730,Balanced optimizing knowledge user,Greece,Action|Fantasy|Horror,307582488-7
731,Customizable methodical database,Philippines,Comedy|Musical,097098222-4
732,Grass-roots even-keeled support,Ukraine,Thriller,624164148-4
733,Visionary optimal data-warehouse,China,Action|Horror|Sci-Fi,055101363-X
734,Virtual intermediate encoding,Brazil,Comedy|Crime|Drama,558369765-2
735,Self-enabling secondary throughput,China,Drama|Thriller,182729244-X
736,Secured leading edge adapter,Slovenia,Animation,569360554-X
737,Fully-configurable heuristic initiative,China,Crime|Drama|Thriller,804174239-4
738,Quality-focused discrete leverage,Croatia,Drama|Fantasy|Mystery|Romance,803209223-4
739,Triple-buffered national throughput,Brazil,Action|Adventure|Drama|Thriller,126056058-9
740,Versatile modular algorithm,Mexico,Comedy|Drama|Romance,089342431-5
741,Streamlined systematic portal,Brazil,Drama,330987050-2
742,Focused methodical circuit,Argentina,Adventure|Animation|Children|Comedy|Fantasy,304909701-9
743,Reactive grid-enabled collaboration,Indonesia,Fantasy|Horror|Thriller,398694718-3
744,Monitored global migration,France,Documentary,303937687-X
745,Profound human-resource migration,China,Comedy|Horror,745822421-5
746,Ameliorated intermediate groupware,Sweden,Horror|Thriller,236891193-6
747,Decentralized clear-thinking benchmark,Thailand,Comedy|Fantasy,424711633-9
748,Exclusive systemic attitude,Russia,Comedy,520432835-1
749,Reverse-engineered background pricing structure,China,Western,470538639-6
750,Polarised reciprocal task-force,Mexico,Animation|Drama|War,156084820-0
751,Organized composite groupware,United States,Drama,706306415-0
752,Centralized well-modulated framework,Ethiopia,Documentary,451351492-2
753,Enhanced bi-directional contingency,Portugal,Drama,646045238-5
754,Networked multi-state open architecture,Indonesia,Drama,558758289-2
755,Devolved methodical groupware,China,Comedy,175948492-X
756,Sharable empowering structure,Tanzania,Comedy|Fantasy|Romance,958341898-6
757,Customizable leading edge model,Canada,Drama,862950415-3
758,Object-based even-keeled alliance,Chad,Comedy|Drama|Romance,733858650-0
759,Universal background system engine,Czech Republic,Documentary,987503268-9
760,Balanced regional extranet,Bosnia and Herzegovina,Action|Drama,595826182-7
761,Managed composite concept,Croatia,Horror,416442691-8
762,Extended mobile ability,Poland,Drama,035593806-5
763,Proactive real-time structure,Indonesia,Comedy|Drama,393859448-9
764,Assimilated multi-state moratorium,Namibia,Drama,318516986-7
765,Expanded value-added archive,Czech Republic,Comedy,410997654-5
766,Versatile reciprocal hub,Somalia,Drama,763307131-1
767,Managed 6th generation synergy,Indonesia,Comedy|Crime,264893633-5
768,Total background hierarchy,Poland,Drama,936207486-9
769,Horizontal impactful forecast,Thailand,Documentary|War,537838518-0
770,Profound zero administration interface,Greece,Drama,537289703-1
771,Advanced maximized artificial intelligence,Czech Republic,Crime|Drama|Film-Noir|Thriller,094761360-9
772,Focused global model,Myanmar,Adventure|Comedy,937110090-7
773,Persistent mission-critical access,Poland,Drama,678684377-8
774,Ergonomic fresh-thinking monitoring,Thailand,Drama|Fantasy|Romance,551803494-6
775,Focused human-resource hardware,China,Action|Adventure,447418572-2
776,Universal homogeneous collaboration,Mexico,Drama,281559046-8
777,Balanced client-driven hierarchy,Sweden,Documentary,748619288-8
778,Realigned exuding matrices,Poland,Documentary,883603876-X
779,Progressive systematic adapter,Russia,Animation|Children|Fantasy,926058960-6
780,Virtual tangible attitude,Benin,Drama,110094754-X
781,Public-key context-sensitive structure,Indonesia,Fantasy|Horror|Mystery,932477405-0
782,Customizable motivating moderator,Netherlands,Drama|Romance,962164662-6
783,User-centric asymmetric time-frame,Armenia,Comedy|Drama,835325025-X
784,Synchronised eco-centric Graphical User Interface,Indonesia,Comedy,599748567-6
785,Optimized content-based architecture,China,Animation|Children|Fantasy|Musical,190287240-1
786,Self-enabling asymmetric budgetary management,Malaysia,Drama|Musical,498880247-7
787,Multi-channelled even-keeled access,Indonesia,Drama,322601958-9
788,Advanced coherent attitude,China,Documentary,323222564-0
789,Right-sized analyzing policy,Tanzania,Drama,415698874-0
790,Function-based systemic standardization,China,Drama,438630323-5
791,Stand-alone intermediate support,China,Musical|Romance|War,576961552-4
792,Multi-lateral composite hardware,Yemen,Western,480172100-1
793,Managed asynchronous open system,Philippines,Drama,354925192-0
794,Configurable impactful core,Sweden,(no genres listed),464731959-8
795,Persistent client-server alliance,Indonesia,Horror|Sci-Fi,085878524-2
796,Fully-configurable discrete paradigm,Macedonia,Documentary,128093559-6
797,Streamlined methodical synergy,United States,Sci-Fi,053210164-2
798,Sharable fresh-thinking task-force,Indonesia,Drama,470757581-1
799,Exclusive context-sensitive project,Portugal,Drama,578592230-4
800,Automated 3rd generation encoding,China,Comedy,683697060-3
801,Multi-tiered multi-state capacity,Russia,Comedy|Drama|Romance,423985517-9
802,Versatile exuding encoding,Indonesia,Horror,065102796-9
803,Centralized background utilisation,Sweden,Documentary,187421105-1
804,Reverse-engineered dynamic access,Ukraine,Adventure|Animation,014481319-X
805,Intuitive eco-centric hierarchy,Ukraine,Comedy,073790707-X
806,Organized optimal data-warehouse,China,Comedy|Drama,221386537-X
807,Diverse well-modulated model,China,Adventure,592462911-2
808,Optional 24 hour functionalities,Uganda,Horror,224432007-3
809,Multi-lateral analyzing service-desk,Angola,Documentary,982270019-9
810,Fundamental global pricing structure,China,Crime|Drama|Thriller,380493700-4
811,Monitored zero defect extranet,China,Animation|Comedy,951864434-9
812,Open-source foreground product,Sweden,Drama,490636375-X
813,Quality-focused asymmetric capability,Sri Lanka,Children|Comedy,254770352-1
814,Grass-roots foreground function,Japan,Drama,027056543-4
815,Ergonomic asymmetric help-desk,Philippines,Drama|Mystery|Thriller,003256009-5
816,Persistent actuating infrastructure,United States,Mystery|Thriller,516854149-6
817,Progressive eco-centric service-desk,Philippines,Drama,256836744-X
818,Managed zero defect Graphic Interface,Ukraine,Comedy|Drama,301202109-4
819,Grass-roots next generation strategy,Indonesia,Action|Adventure|Drama,082402380-3
820,Total local process improvement,Brazil,Comedy|Horror,118540096-6
821,Organic neutral standardization,Argentina,Drama,244736115-7
822,Re-engineered asymmetric hardware,China,Action|Crime|Drama,154568486-3
823,Realigned value-added moratorium,Japan,Crime|Drama|Thriller,396530799-1
824,Distributed responsive encryption,Macedonia,Action|Drama|War,255305068-2
825,Reverse-engineered bifurcated process improvement,China,Comedy,308592637-2
826,Synchronised executive frame,Peru,Documentary|War,449808987-1
827,De-engineered heuristic internet solution,Philippines,Horror|Thriller,808274323-9
828,Diverse dynamic infrastructure,Philippines,Comedy|Crime|Romance,024396362-9
829,Automated transitional product,Philippines,Drama,891635060-3
830,Exclusive mission-critical collaboration,Guatemala,Comedy,576261478-6
831,Function-based motivating time-frame,United States,Children|Horror|Mystery|Thriller,157832741-5
832,Up-sized global infrastructure,Russia,Documentary,802512029-5
833,Seamless zero defect installation,Japan,Drama|War,247750087-2
834,Realigned analyzing local area network,Kazakhstan,Drama,385886537-0
835,Quality-focused contextually-based software,Russia,Drama,668960261-3
836,Total bifurcated Graphic Interface,New Caledonia,Action|Adventure|Sci-Fi|Thriller|IMAX,030593408-2
837,Down-sized web-enabled pricing structure,Jordan,Drama|Romance|Thriller|War,882969246-8
838,Cross-platform mission-critical migration,China,Crime|Drama,484549105-2
839,Enhanced bottom-line archive,China,Children|Comedy|Drama|Musical,210974510-X
840,Customizable fresh-thinking hierarchy,Poland,Drama|Sci-Fi,737597077-7
841,Distributed value-added database,Comoros,Children,890601566-6
842,Assimilated high-level artificial intelligence,China,Adventure|Animation|Children,613955393-8
843,Up-sized real-time hub,Indonesia,Documentary,741070465-9
844,Vision-oriented explicit knowledge base,China,Comedy,896244137-3
845,Self-enabling methodical utilisation,China,Comedy|Drama|Film-Noir|Romance,439604437-2
846,Organic web-enabled migration,South Africa,Action|Horror|Sci-Fi,105499209-6
847,Expanded methodical internet solution,Poland,Comedy|Romance,926079663-6
848,Multi-channelled cohesive customer loyalty,China,Documentary|War,917881043-4
849,Synchronised client-driven budgetary management,Brazil,Action|Drama|Fantasy|Horror|Thriller|War,046713237-2
850,Horizontal encompassing superstructure,Indonesia,Crime|Drama|Film-Noir|Thriller,604636381-0
851,Exclusive fault-tolerant attitude,Sweden,Comedy,058859756-2
852,Pre-emptive bottom-line process improvement,Poland,Drama,175365474-2
853,Expanded scalable array,Guadeloupe,Drama|Romance|Thriller,579649779-0
854,Configurable client-server conglomeration,Spain,Adventure|Children|Sci-Fi,520047559-7
855,Innovative heuristic projection,Andorra,Drama,013070363-X
856,Front-line 4th generation capacity,Colombia,Documentary,491014708-X
857,Right-sized foreground emulation,Ukraine,Drama,471182515-0
858,Right-sized 4th generation groupware,Argentina,Documentary,466288824-7
859,User-friendly disintermediate strategy,Cuba,Comedy,886617822-5
860,Persevering non-volatile access,China,Drama,235069760-6
861,Synchronised analyzing ability,Indonesia,Comedy,120041924-3
862,Exclusive coherent emulation,China,Drama,044776724-0
863,Open-source non-volatile circuit,Russia,Action|Thriller,609072014-3
864,Horizontal web-enabled open architecture,Libya,Action|Thriller,806357782-5
865,Customer-focused bottom-line projection,Indonesia,Drama,649783390-0
866,Mandatory logistical installation,Ghana,Drama,423609671-4
867,Self-enabling zero tolerance budgetary management,Poland,Sci-Fi,682142578-7
868,Networked bottom-line open architecture,Uzbekistan,Horror|Thriller,230472242-3
869,User-centric bottom-line help-desk,Vietnam,Comedy|Musical,558484338-5
870,Progressive methodical interface,Poland,Drama|Mystery|Romance,852893801-8
871,Open-architected 5th generation algorithm,Costa Rica,Drama|Romance,081014249-X
872,Fundamental modular approach,China,Crime|Drama|Thriller,373629114-0
873,Re-contextualized systematic array,Ukraine,Comedy,200816702-X
874,Down-sized intermediate groupware,Indonesia,Adventure,101428128-8
875,Public-key systemic structure,China,Crime|Drama,670082764-7
876,Proactive zero defect intranet,Japan,Drama,441643295-X
877,De-engineered coherent portal,Brazil,Documentary|Musical,716253821-5
878,Progressive directional ability,Russia,Children|Comedy|Fantasy,165941311-7
879,Visionary attitude-oriented monitoring,Czech Republic,Drama,349614306-1
880,Seamless full-range product,Paraguay,Action|Crime|Drama|Thriller,245357008-0
881,User-friendly incremental core,Syria,(no genres listed),474339570-4
882,Front-line non-volatile portal,Indonesia,Adventure|Animation|Children,522552477-X
883,Team-oriented regional instruction set,Jamaica,Action|Crime|Drama|Thriller,759809102-1
884,Configurable bi-directional model,Philippines,Drama|War,843906771-2
885,Ergonomic responsive emulation,Poland,Horror,077426121-8
886,Cloned bifurcated adapter,Honduras,Comedy|Crime,151473328-5
887,Organic scalable pricing structure,Madagascar,Action|Animation,953552696-0
888,Automated systematic hierarchy,China,Drama,394346359-1
889,Networked secondary groupware,Brazil,Adventure|Drama,392520295-1
890,Expanded next generation data-warehouse,Philippines,Crime|Drama|Film-Noir,354607238-3
891,Decentralized encompassing local area network,Japan,Action|Adventure|Comedy,996482729-6
892,Upgradable regional intranet,Indonesia,Comedy|Romance,633523845-4
893,Automated well-modulated framework,China,Action|Drama|Thriller,597677340-0
894,Multi-tiered intermediate paradigm,Indonesia,Action|Animation|Crime,951698994-2
895,Compatible heuristic infrastructure,Indonesia,Action|Drama,758236285-3
896,Mandatory didactic adapter,Indonesia,Documentary,492895794-6
897,Seamless multimedia extranet,France,Drama|Mystery|Thriller,972761154-0
898,Diverse 5th generation initiative,Brazil,Crime|Drama,615903918-0
899,Innovative upward-trending hardware,Brazil,Documentary,617394699-8
900,Stand-alone foreground firmware,Peru,Drama|Horror|Mystery,743258564-4
901,Face to face regional groupware,Sweden,Drama|Mystery,162318638-2
902,Face to face eco-centric complexity,Indonesia,Drama,368941606-X
903,Down-sized clear-thinking monitoring,China,Children,992870539-9
904,Inverse zero tolerance instruction set,Portugal,Fantasy|Horror|Thriller,077598120-6
905,Automated logistical data-warehouse,Czech Republic,Drama,976379102-2
906,Synergized bi-directional moderator,China,Comedy|Romance,330758578-9
907,Versatile non-volatile Graphical User Interface,China,Drama,483829816-1
908,Open-architected content-based alliance,Greece,Comedy|Drama,676388411-7
909,Optimized encompassing policy,Indonesia,Adventure|Comedy|Musical|Romance,009974872-X
910,Enterprise-wide dedicated encoding,Sweden,Animation|Drama|Fantasy,491452588-7
911,Horizontal actuating standardization,Monaco,Comedy,697051142-1
912,Self-enabling clear-thinking protocol,Sweden,Adventure|Children|Fantasy,459486231-4
913,Streamlined dedicated process improvement,Albania,Crime|Drama|Mystery|Thriller,706265624-0
914,Customer-focused client-driven emulation,Indonesia,Animation|Children|Comedy|Romance,645853905-3
915,Programmable grid-enabled matrix,Pakistan,Documentary,783834058-6
916,Switchable discrete database,Indonesia,Comedy|Drama,193650188-0
917,Streamlined fresh-thinking policy,Russia,Action|Horror|Sci-Fi,309013154-4
918,Fully-configurable exuding hub,Thailand,Action|Adventure|Fantasy|Sci-Fi,484844530-2
919,Multi-layered asymmetric budgetary management,South Africa,Adventure,426907723-9
920,Focused local project,Vietnam,Western,078870415-X
921,Profound clear-thinking encoding,China,Drama,671932241-9
922,Fundamental solution-oriented secured line,Philippines,Documentary,464282023-X
923,Streamlined bifurcated Graphic Interface,Philippines,Action|Animation|Comedy|Sci-Fi,471673235-5
924,Customer-focused executive productivity,Bulgaria,Drama,436210408-9
925,Grass-roots 5th generation application,United States,Drama,887748777-1
926,Right-sized systemic infrastructure,Portugal,Drama|Horror|Thriller,817950359-3
927,Switchable multi-state policy,China,Crime|Drama|Thriller,990913669-4
928,Adaptive attitude-oriented website,Portugal,Documentary,897953254-7
929,Vision-oriented context-sensitive definition,Argentina,Action|Horror,720711084-7
930,Virtual leading edge workforce,Canada,Drama|Horror|Thriller,802184172-9
931,Optimized dedicated architecture,China,Drama,328846831-X
932,Future-proofed composite throughput,Poland,Documentary,384725861-3
933,Configurable well-modulated methodology,Belarus,Thriller,913758936-9
934,Cross-platform clear-thinking hardware,Sweden,Action|Adventure|Sci-Fi|Thriller,755929033-7
935,Stand-alone disintermediate internet solution,Mexico,Comedy|Musical,663395069-1
936,Streamlined upward-trending interface,China,Drama,489757829-9
937,Expanded 24 hour database,China,Animation,130171281-7
938,Digitized non-volatile core,Greece,Drama,584394404-2
939,Re-engineered mobile circuit,Indonesia,Crime|Mystery|Thriller,435419522-4
940,Profound asynchronous moderator,China,Horror|Thriller,789930886-0
941,Switchable human-resource concept,Tunisia,Drama|Horror,904278699-X
942,Implemented interactive help-desk,China,Film-Noir,623785205-0
943,Diverse bandwidth-monitored architecture,Indonesia,Horror|Thriller,849732689-X
944,Pre-emptive holistic hierarchy,Peru,Comedy|Drama,977120137-9
945,Upgradable real-time adapter,Norway,Comedy,298098663-1
946,Ergonomic methodical alliance,Russia,Adventure|Animation|Fantasy,995714317-4
947,Cloned disintermediate system engine,Philippines,Comedy,662467938-7
948,Programmable full-range concept,Brazil,Drama|Thriller,927203731-X
949,Distributed eco-centric projection,Philippines,Drama,339875356-6
950,Intuitive didactic focus group,China,Drama|Romance,075467678-1
951,Open-source multimedia interface,Canada,Crime|Drama|Mystery|Thriller,154459439-9
952,Multi-lateral web-enabled complexity,Indonesia,Drama,736596456-1
953,Multi-layered clear-thinking model,Indonesia,Comedy,316838801-7
954,Open-architected transitional hierarchy,China,Comedy|Drama|Romance,673706337-3
955,Advanced methodical encoding,Poland,Sci-Fi,355190995-4
956,Optional leading edge encoding,Japan,Comedy|Romance,381220539-4
957,Fundamental clear-thinking website,Indonesia,Drama|Thriller,722044632-2
958,Distributed fresh-thinking matrices,Indonesia,Action|Adventure|Comedy|Drama,448310798-4
959,Pre-emptive global success,Finland,Comedy|Crime,583300165-X
960,Diverse even-keeled system engine,Costa Rica,Comedy|Documentary,946242703-8
961,Horizontal fault-tolerant circuit,Isle of Man,Musical|Romance,014869622-8
962,Pre-emptive even-keeled function,Indonesia,Drama,901510318-6
963,Progressive mission-critical matrices,China,Action|Adventure|Thriller,531584276-2
964,Down-sized explicit policy,Brazil,Children|Comedy,337363950-6
965,Managed mobile superstructure,Syria,Crime|Drama|Thriller,947873072-X
966,Polarised homogeneous info-mediaries,China,Comedy|Drama,151664780-7
967,Cloned coherent software,Poland,Adventure|Comedy,767765294-8
968,Devolved actuating customer loyalty,Macedonia,Action|Crime|Thriller,305626851-6
969,Optimized logistical knowledge base,Ukraine,Animation|Crime|Drama,913076419-X
970,Progressive analyzing migration,Brazil,Drama,704961143-3
971,Grass-roots systemic parallelism,France,Drama|Romance,528117657-9
972,Extended intangible data-warehouse,Thailand,Crime|Drama|Thriller,358384605-2
973,Integrated directional encryption,Czech Republic,Horror|Thriller,585574649-6
974,Persistent dedicated conglomeration,Japan,Horror,126996832-7
975,Pre-emptive bifurcated ability,Bosnia and Herzegovina,Crime|Drama|Thriller,413303924-6
976,Multi-layered multi-tasking matrix,Syria,Drama,784355770-9
977,Reverse-engineered eco-centric alliance,Poland,Adventure|Drama|Romance,349685327-1
978,User-friendly client-driven circuit,Indonesia,Comedy|Horror|Sci-Fi,237082795-5
979,User-friendly value-added moderator,Brazil,Drama|Romance,079453730-8
980,Multi-lateral demand-driven throughput,Netherlands,Documentary,621591105-4
981,Upgradable bi-directional flexibility,China,Drama|Horror,385116063-0
982,Networked modular concept,Indonesia,Children|Comedy,492415206-4
983,Intuitive eco-centric conglomeration,Croatia,Documentary,762636121-0
984,Adaptive asymmetric monitoring,Indonesia,Comedy|Romance,693814327-7
985,Intuitive full-range leverage,Canada,Crime|Drama|Thriller,584747541-1
986,Organized client-server capability,China,Crime|Horror|Mystery|Thriller,373321872-8
987,Intuitive discrete migration,Poland,Drama|Mystery,710039022-2
988,Cross-group directional product,France,Comedy|Drama|Romance,158653974-4
989,Persistent optimal success,China,Comedy|Crime,451470211-0
990,Open-architected tertiary extranet,Thailand,Comedy,722869644-1
991,Virtual background customer loyalty,Russia,Action|Mystery|Thriller,583711289-8
992,Profound multi-state artificial intelligence,Russia,Documentary,610639517-9
993,Polarised responsive methodology,Honduras,Comedy,495207629-6
994,Reactive regional middleware,Colombia,Horror|Thriller,744895360-5
995,Streamlined value-added leverage,United States,Adventure|Drama,600374659-9
996,Universal multi-state functionalities,Russia,Drama|War,097767045-7
997,Pre-emptive bandwidth-monitored solution,China,Horror,044053463-1
998,Switchable user-facing architecture,Mali,Drama,831688025-3
999,Expanded dedicated synergy,Russia,Drama,821596409-5
1000,Profound cohesive benchmark,Poland,Children|Comedy,095124832-4
