id,email,password
1,dlaroux0@abc.net.au,Cimetidine
2,jbanes1@i2i.jp,care one acid reducer
3,vgourley2@archive.org,MISSHA M PRISM BRIGHT ON AUTO
4,wbenning3@flavors.me,Cardioplegic
5,ctiddeman4@si.edu,Cleocin Phosphate
6,ldeelay5@amazon.de,Acid Reducer
7,kfrancesch6@skype.com,HGH Vitality
8,hlittlejohn7@smugmug.com,GUNA-LIVER
9,mdepietri8@technorati.com,Risperidone
10,lbillborough9@businesswire.com,HYDROCODONE BITARTRATE AND ACETAMINOPHEN
11,gdavalla@sohu.com,Gabapentin
12,cbertomeb@zimbio.com,Thiothixene
13,dscotchmurc@issuu.com,Clonidine
14,tsimmsd@hhs.gov,Bio Hornbeam
15,acrazee@mlb.com,Tamiflu
16,dgaddf@yellowpages.com,Tree Mixture
17,jpauding@zdnet.com,Anticavity Fluoride Rinse
18,eguerrierh@hp.com,E-2 Food Processing Foam Hand Wash
19,rroblini@engadget.com,Anticavity Fluoride Rinse
20,ninnesj@cam.ac.uk,ORGAN-I NR
21,fashdownk@51.la,Childrens Acetaminophen
22,thamnetl@zdnet.com,Aloe Up
23,cmumm@surveymonkey.com,Psorent
24,bbadamn@si.edu,VOLTAREN
25,sredgraveo@answers.com,Pramipexole Dihydrochloride
26,dtideswellp@nba.com,Sheer FluorX PEDO
27,ltenwickq@arizona.edu,Moisture Renew
28,rirwinr@nytimes.com,Sage
29,ahurless@vk.com,levofloxacin
30,rcolthardt@nationalgeographic.com,BANANA BOAT
31,kgrowcottu@vkontakte.ru,White Alder
32,dchamberlaynev@mapy.cz,Ecolab
33,zwarykw@rakuten.co.jp,SUPER SERUM
34,amairsx@skype.com,Lovastatin
35,carnolly@webnode.com,Bromocriptine mesylate
36,nnottonz@mtv.com,Nateglinide
37,cpeatman10@zdnet.com,Antiseptic Mouth Rinse
38,cferreira11@prlog.org,Venlafaxine
39,csauvan12@nydailynews.com,GenTeal
40,nspera13@utexas.edu,Clearskin Pore Penetrating
41,rnorthey14@gmpg.org,INTRON A
42,ncogger15@foxnews.com,Advanced Antiseptic
43,cfeatherstone16@guardian.co.uk,Cerisa
44,aworwood17@fc2.com,Metoprolol succinate
45,bammer18@github.com,Levothyroxine Sodium
46,jarchard19@etsy.com,Anticavity Fluoride Rinse
47,nshuttlewood1a@soup.io,Felbamate
48,mblundon1b@npr.org,JUNIPERUS ASHEI POLLEN
49,pmcteggart1c@cdc.gov,Quetiapine Fumarate
50,wjorg1d@ezinearticles.com,Eye Irrigating
